{
  "name": "Aayushmaan Soni",
  "location": "Jaipur, India",
  "bio": "Learning Full-Stack Web Developer as a 1st Year Student CS Student, & learning Cyber Security",
  "avatar": "https://github.com/aayushmaan45.png",
  "portfolio": "https://github.com/aayushmaan45",
  "skills": ["Cyber-Security", "Full Stack Web Development"],
  "social": {
    "GitHub": "https://github.com/aayushmaan45",
    "Twitter": "https://twitter.com/soni_aayushmaan",
    "LinkedIn": "https://www.linkedin.com/in/ams45"
  }
}
