{
  "name": "Akshay Bagai",
  "location": "Chandigarh, India",
  "bio": "Frontend developer (1+ year) working with Reactjs & Typescript :) . Looking for good remote roles. Lets talk!",
  "avatar": "https://avatars.githubusercontent.com/u/100753870?s=40&v=4",
  "portfolio": "akshaybagai.netlify.app",
  "skills": [
    "Reactjs",
    "NodeJs",
    "JavaScript",
    "HTML/CSS",
    "SCSS/LESS",
    "Backbone.js",
    "Tailwind CSS",
    "Git",
    "Django Templating",
    "React-three-fiber"
  ],
  "social": {
    "GitHub": "https://github.com/Akshaybagai52",
    "Twitter": "https://twitter.com/AkshayBagai",
    "LinkedIn": "https://www.linkedin.com/in/akshay-bagai52/"
  }
}
