{
  "name": "amandeep singh parihar",
  "location": "india",
  "bio": "You're a tech aficionado, driven by an unshakable passion for all things tech. Your relentless pursuit of knowledge and innovation keeps you at the forefront of the ever-evolving tech landscape.",
  "avatar": "https://github.com/amandeep-singh-parihar.png",
  "portfolio": "https://github.com/amandeep-singh-parihar",
  "skills": ["wed developer", "coder", "..."],
  "social": {
    "GitHub": "https://github.com/<amandeep-singh-parihar>",
    "Twitter": "https://twitter.com/<poison375996>",
    "LinkedIn": "https://www.linkedin.com/in/<linkedin-username>"
  }
}
