{
  "name": "Amit Masram",
  "location": "Nagpur,MH-India",
  "bio": "Hi, I'm Amit Masram, a passionate Flutter app developer, prompt engineer, and open-source contributor. I specialize in creating innovative mobile solutions, seamlessly blending code and creativity. Let's connect and craft something extraordinary!.",
  "avatar": "https://avatars.githubusercontent.com/u/105006236?v=4",
  "portfolio": "https://www.soshals.app/amitmasram",
  "skills": [
    "Full-Stack App Development",
    "Flutter",
    "prompt Engineer",
    "Dart",
    "TypeScript",
    "NodeJs",
    "Express.js",
    "MongoDB",
    "Supabase",
    "Firebase"
  ],
  "social": {
    "GitHub": "https://github.com/Amitmasram",
    "Twitter": "https://twitter.com/AmitMasram10",
    "LinkedIn": "https://www.linkedin.com/in/amit-masram/"
  }
}
