{
  "name": "Anand R P",
  "location": "Kerala, India",
  "bio": "A Passionate Full-Stack Web Developer capable of writing production-ready code using my skills such as Node.js, Express, MongoDB, React, Redux, and JavaScript.",
  "avatar": "https://github.com/AnandRP2030.png",
  "portfolio": "https://anandrp2030.github.io/",
  "skills": ["Mongo DB", "Express JS", "React js", "Node Js", "Redux", "JavaScript", "Postman"],
  "social": {
    "GitHub": "https://github.com/AnandRP2030",
    "Twitter": "https://twitter.com/webdeveloper86",
    "LinkedIn": "https://www.linkedin.com/in/anandrp2030/"
  }
}
