{
  "name": "Aysuh Gupta",
  "location": "Delhi, India",
  "bio": "A Tech Enthusiast.Passionate about developing creative and innovative solutions using a Full Stack set of tools.Seeking to Learn and Collaborate.",
  "avatar": "https://github.com/AyusGup.png",
  "portfolio": "https://github.com/AyusGup",
  "skills": ["HTML", "CSS", "JavaScript", "Express.js", "MongoDB", "NodeJS", "C++"],
  "social": {
    "GitHub": "https://github.com/AyusGup",
    "Twitter": "https://twitter.com/AyushGup712",
    "LinkedIn": "https://www.linkedin.com/in/ayushguptacoder"
  }
}
