{
  "name": "ved prakash",
  "location": "Chandigarh ,India",
  "bio": "first year engineering student currently pursuing my bachelor degree in information technology ,Am learning full stack web development ",
  "avatar": "https://avatars.githubusercontent.com/u/124797314?s=400&u=63ee0b533b538b78fad35e14e7cca3a94d467806&v=4",
  "portfolio": "https://github.com/B2prakash",
  "skills": ["c", "c++", "HTML", "CSS", "NODE.JS", "REACT JS"],
  "social": {
    "GitHub": "https://github.com/B2prakash",
    "Twitter": "https://twitter.com/vedprak39212943",
    "LinkedIn": "https://www.linkedin.com/in/ved-prakash-56697825b"
  }
}
