{
  "name": "Biswa Baibhab Subudhi",
  "location": "Odisha, India",
  "bio": "A passionate self-taught Frontend Web Developer 👨‍💻. I love to learn about new technologies and build projects with them. I also love to contribute to open source projects .",
  "avatar": "https://github.com/biswabaibhab007.png",
  "portfolio": "https://github.com/biswabaibhab007",
  "skills": ["HTML", "CSS", "JavaScript", "React"],
  "social": {
    "GitHub": "https://github.com/biswabaibhab007",
    "Twitter": "https://twitter.com/biswa_007",
    "LinkedIn": "https://www.linkedin.com/in/biswa-baibhab-subudhi-31822122b/"
  }
}
