{
  "name": "David Mwangi Mathenge",
  "location": "Nairobi, Kenya",
  "bio": "Senior Software Engineer",
  "avatar": "https://github.com/brandeddavid.png",
  "portfolio": "https://linkedin.com/in/brandeddavid",
  "skills": [
    "FullStack Web Development",
    "Javascript",
    "Typescript",
    "Python",
    "React",
    "NextJS",
    "AWS",
    "API Integration",
    "CSS/SCSS",
    "TailwindCSS",
    "Test automation",
    "Cypress"
  ],
  "social": {
    "GitHub": "https://github.com/brandeddavid",
    "Twitter": "https://twitter.com/brandeddavid",
    "LinkedIn": "https://linkedin.com/in/brandeddavid"
  }
}
