{
  "name": "Abdul Waheed",
  "location": "Islamabad, Pakistan",
  "bio": "I am a frontend developer with expertise in ReactJS and a passion for open source projects. I also have experience in Java and C++ for data structures and algorithms (DSA).",
  "avatar": "https://github.com/captainWaheed.png",
  "portfolio": "https://captainwaheed.pages.dev",
  "skills": ["MERN", "NextJS", "Sevelte", "Python", "Java"],
  "social": {
    "GitHub": "https://github.com/captainWaheed",
    "Twitter": "https://twitter.com/captainwaheed43",
    "LinkedIn": "https://linkedin.com/in/abdul-waheed781"
  }
}
