{
  "name": "Priyanshu Choudhary",
  "location": "India",
  "bio": "A passionate developer titled towards cybersecurity with a good grip in event  and team management. Your Vision, My Code.",
  "avatar": "https://github.com/dellucifer.png",
  "portfolio": "https://github.com/dellucifer.png",
  "skills": ["C++", "Python", "React", "Node", "Express", "MongoDB", "Firebase", "GitHub", "AWS"],
  "social": {
    "GitHub": "https://github.com/dellucifer>",
    "Twitter": "https://twitter.com/dellucifer_07",
    "LinkedIn": "https://www.linkedin.com/in/priyanshu-choudhary-sliet/"
  }
}
