{
  "name": "Habibur Rahman",
  "location": "Bhopal, India",
  "bio": "Devops Engineer| FullStack Web Development | AI/ML | Open Source | Flutter | Automation",
  "avatar": "https://github.com/devhabib429.png",
  "portfolio": "https://github.com/devhabib429/",
  "skills": ["Devops Engineer", "FullStack Web Development", "AI/ML", "Open Source", "Flutter", "Automation"],
  "social": {
    "GitHub": "https://github.com/devhabib429",
    "Twitter": "https://twitter.com/hrahman429",
    "LinkedIn": "https://www.linkedin.com/in/habibur-rahman-b59038195/"
  }
}
