{
  "name": "Dominik Gronkiewicz",
  "location": "Bangkok, Thailand / Częstochowa, Poland / Tallinn, Estonia",
  "bio": "Web Developer & Web Solutions Engineer. Custom Web Apps, Online Store Solutions, Webflow Development, Leads Conversion Tracking",
  "avatar": "https://github.com/dominikgronkiewicz.png",
  "portfolio": "https://8bits.space/",
  "skills": [
    "Web Development",
    "JavaScript",
    "TypeScript",
    "React",
    "Redux",
    "Next.JS",
    "MaterialUI",
    "Node.js",
    "TailwindCSS",
    "Webflow",
    "Express.JS",
    "Git",
    "Figma",
    "AntDesign",
    "Prism",
    "Jest",
    "Cypress",
    "API Integration",
    "SQL",
    "CSS3/SCSS/SASS",
    "HTML",
    "Frontend Development",
    "ReactJS",
    "React.JS",
    "RestAPI",
    "NextJS",
    "Node",
    "NodeJS",
    "ExpressJS"
  ],
  "social": {
    "GitHub": "https://github.com/dominikgronkiewicz",
    "Twitter": "https://twitter.com/DGronkiewicz",
    "LinkedIn": "https://www.linkedin.com/in/dominik-gronkiewicz-b696b950",
    "Blog": "https://dominikgronkiewicz.com/blog"
  }
}
