{
  "name": "Nguyễn Công Dũng",
  "location": "Hanoi, Vietnam",
  "bio": "I am a highly motivated software engineer interested in front-end with a passion to learn and develop projects using modern tech.",
  "avatar": "https://github.com/DungGramer.png",
  "portfolio": "https://www.dunggramer.com/",
  "skills": [
    "HTML",
    "CSS",
    "JavaScript",
    "TypeScript",
    "ReactJS",
    "NextJS",
    "Redux",
    "Immer",
    "Webpack",
    "NX",
    "Jest",
    "Accessibility"
  ],
  "social": {
    "GitHub": "https://github.com/DungGramer",
    "Twitter": "https://twitter.com/DungGramer",
    "LinkedIn": "https://www.linkedin.com/in/dunggramer/"
  }
}
