{
  "name": "Eunit",
  "location": "Earth",
  "bio": "Emmanuel is an experienced, passionate, and enthusiastic software developer and technical writer with proven years of professional experience. He focuses on full-stack web development. He's fluent in ReactJS, JavaScript, VueJS, and NodeJS and familiar with industry-standard technologies such as Git, GitHub, and TDD. ",
  "avatar": "https://github.com/eunit99.png",
  "portfolio": "https://eunit.me",
  "skills": [
    "HTML5",
    "CSS3",
    "JavaScript (ES8/ES7/ES6/ES5)",
    "jQuery",
    "SASS/SCSS",
    "BEM",
    "Bootstrap",
    "TailwindCSS",
    "SEO",
    "Web Scrapping",
    "Vuex",
    "VueJS",
    "Angular",
    "Styled-components",
    "Firebase",
    "Supabase",
    "Webpack",
    "Babel",
    "Storybook",
    "TypeScript",
    "Responsive Web Development",
    "Git",
    "GitHub",
    "BitBucket",
    "ReactJS",
    "Redux",
    "RESTful API",
    "WCAG Compliance",
    "Jest",
    "Node.js",
    "Express.js",
    "MongoDB",
    "Mongoose",
    "DynamoDB"
  ],
  "social": {
    "GitHub": "https://github.com/eunit99",
    "Twitter": "https://twitter.com/eunit99",
    "LinkedIn": "https://www.linkedin.com/in/eunit99"
  }
}
