{
  "name": "Leong Chee Fai",
  "location": "Singapore",
  "bio": "I am Chee Fai, a software engineer who expertise in web development. I thrive on solving complex problems and enjoy building scalable, high-performance applications",
  "avatar": "https://github.com/highfaii1050.png",
  "portfolio": "https://github.com/highfaii1050",
  "skills": ["Laravel PHP", "MySQL", "JavaScript", "AWS", "TypeScript"],
  "social": {
    "GitHub": "https://github.com/highfaii1050",
    "LinkedIn": "https://www.linkedin.com/in/leong-chee-fai"
  }
}
