{
  "name": "Jay Kumar Gupta",
  "location": "Durg, India",
  "bio": "Frontend Developer,Passionate about web development.Currently learing React and DSA in Java",
  "avatar": "https://avatars.githubusercontent.com/u/100681165?v=4",
  "portfolio": "https://jaykgupta.netlify.app/",
  "skills": ["HTML/CSS", "JavaScript", "React.js", "Tailwind CSS", "Git", "DSA"],
  "social": {
    "GitHub": "https://github.com/jayk-gupta",
    "Twitter": "https://twitter.com/jayk_gupta",
    "LinkedIn": "https://www.linkedin.com/in/jay-kumar-gupta-ba0434201/"
  }
}
