{
  "name": "John Doe",
  "location": "New York, USA",
  "bio": "I am a Full Stack Developer with expertise in JavaScript, Node.js, and MongoDB. I have 5 years of experience in building web applications and love to explore new technologies.",
  "avatar": "https://github.com/johndoe.png",
  "portfolio": "https://github.com/johndoe",
  "skills": ["JavaScript", "Node.js", "ReactJS", "MongoDB", "HTML", "CSS"],
  "social": {
    "GitHub": "https://github.com/johndoe",
    "Twitter": "https://twitter.com/johndoe",
    "LinkedIn": "https://linkedin.com/in/johndoe"
  }
}
