{
  "name": "Koyal kondapalli",
  "location": "Bhubaneswar, Odisha",
  "bio": "K. Koyal is a talented technical student writer specializing in AI and programming topics. With a passion for cutting-edge technology and a knack for explaining complex concepts in simple terms",
  "avatar": "https://github.com/kondapalli19.png",
  "portfolio": "https://github.com/kondapalli19",
  "skills": ["Full Stack Developer", "Python Developer", "Technical Blog Writer"],
  "social": {
    "GitHub": "https://github.com/kondapalli19",
    "Twitter": "https://twitter.com/KoyalKondapalli",
    "LinkedIn": "https://www.linkedin.com/in/kkoyal/"
  }
}
