{
  "name": "Akshat Kumar",
  "location": "Jhansi, India",
  "bio": "I've been learning to code for 2 years, after my bachelors in Electronics & Communication. I started with HTML & CSS, but have really found a passion for backend development.",
  "avatar": "https://github.com/KyloRen04.png",
  "portfolio": "https://superlative-lily-568543.netlify.app",
  "skills": ["JavaScript", "Node.js", "React.js", "TypeScript", "HTML", "CSS"],
  "social": {
    "GitHub": "https://github.com/KyloRen04",
    "LinkedIn": "https://www.linkedin.com/in/akshat-kumar-75816b20b"
  }
}
