{
  "name": "Liza Bhutani",
  "location": "Pune , India",
  "bio": "Front end developer, curious to contribute into open source projects",
  "avatar": "https://github.com/liza-bhutani.png",
  "portfolio": "https://github.com/liza-bhutani",
  "skills": ["HTML", "CSS", "JavaScript", "C", "C++", "Java", "Ruby", "Git", "PostmanAPI"],
  "social": {
    "GitHub": "https://github.com/liza-bhutani",
    "Twitter": "https://twitter.com/liza_bhutani",
    "LinkedIn": "https://www.linkedin.com/in/liza-bhutani"
  }
}
