{
  "name": "Aarab Nishchal",
  "location": "Katihar , India",
  "bio": "Skilled in problem-solving and always eager to learn.",
  "avatar": "https://github.com/losier.png",
  "portfolio": "https://github.com/losier",
  "skills": [
    "HTML/CSS",
    "JavaScript/TypeScript",
    "NodeJs",
    "ReactJs/NextJs/Vite/VueJs",
    "C/C++",
    "Java",
    "Python",
    "Git",
    "PostmanAPI",
    "MongoDB/MySQL/Firebase"
  ],
  "social": {
    "GitHub": "https://github.com/losier",
    "Twitter": "https://twitter.com/aarab_ii",
    "LinkedIn": "https://www.linkedin.com/in/aarab-nishchal"
  }
}
