{
  "name": "Manuel Bento",
  "location": "Luanda, Angola",
  "bio": "Love learning new things and enjoys a good technical challenge.",
  "avatar": "https://github.com/manuelbento19.png",
  "portfolio": "https://github.com/manuelbento19",
  "skills": [
    "React.js",
    "Next.js",
    "Typescript",
    "Express.js",
    "CSS",
    "Tailwind CSS",
    "SASS",
    "Git",
    "Python",
    "Docker"
  ],
  "social": {
    "GitHub": "https://github.com/manuelbento19",
    "Twitter": "https://twitter.com/manuelbentomb",
    "LinkedIn": "https://www.linkedin.com/in/manuel-bento"
  }
}
