{
  "name": "Mastoora Turkmen",
  "location": "Kabul, Afghanistan",
  "bio": "Asalamualikum, I am a Passionate Full Stack web developer, Frontend & Backend developer",
  "avatar": "https://github.com/MastooraTurkmen.png",
  "portfolio": "https://github.com/MastooraTurkmen",
  "skills": ["JavaScript", "HTML5", "CSS3", "React", "Typescript", "NodeJS", "Figma", "UX/UI", "Python"],
  "social": {
    "GitHub": "https://github.com/MastooraTurkmen",
    "Twitter": "https://twitter.com/MastooraJ22",
    "LinkedIn": "https://www.linkedin.com/in/mastoora-turkmen/"
  }
}
