{
  "name": "Masud Rana Shawon",
  "location": "Dhaka, Bangladesh",
  "bio": "Passionate MERN developer based in Bangladesh, pushing boundaries with impactful projects, embracing new technologies, and solving problems with logic. Committed to honest innovation and positive societal impact",
  "avatar": "https://github.com/masudranashawon.png",
  "portfolio": "https://masudranashawon.vercel.app",
  "skills": [
    "NextJs",
    "Typescript",
    "React",
    "Redux/Redux Toolkit",
    "JavaScript",
    "NodeJS",
    "ExpressJs",
    "NextAuth",
    "Firebase Auth",
    "Axios",
    "JWT",
    "ThreeJs",
    "GSAP",
    "Framer Motion",
    "MongoDB",
    "Mongoose",
    "Prisma",
    "Stripe",
    "TailwindCss",
    "Bootstrap",
    "SCSS/SASS",
    "CSS",
    "HTML",
    "GitHub",
    "NPM",
    "Yarn",
    "Vercel",
    "Heroku",
    "Netlify",
    "Render",
    "Insomnia",
    "Postman",
    "Chrome Dev Tools",
    "Figma"
  ],
  "social": {
    "GitHub": "https://github.com/masudranashawon",
    "Twitter": "https://twitter.com/MasudRanaShawo1",
    "LinkedIn": "https://www.linkedin.com/in/masudranashawon1"
  }
}
