{
  "name": "Logan Blangenois",
  "location": "Belgium",
  "bio": "I'm Logan, lead front-end developer. I specialize in building beautiful, performant, accessible and responsive (web) applications using modern technologies.",
  "avatar": "https://github.com/MKlblangenois.png",
  "portfolio": "https://logan-blangenois.be",
  "skills": [
    "ReactJS",
    "TypeScript",
    "TailwindCSS",
    "JavaScript",
    "HTML",
    "CSS",
    "A11y",
    "Accessibility",
    "Performance"
  ],
  "social": {
    "GitHub": "https://github.com/MKlblangenois",
    "Twitter": "https://twitter.com/loganblangenois",
    "LinkedIn": "https://www.linkedin.com/in/logan-blangenois/"
  }
}
