{
  "name": "Monalisha Roy",
  "location": "Assam, India",
  "bio": "Dedicated tech enthusiast pursuing B.Tech in Computer Science and Engineering. Passionate about technology and continuous learning. Open to collaborations for meaningful contributions to the tech landscape.",
  "avatar": "https://github.com/Monalisha-Roy.png",
  "portfolio": "https://github.com/Monalisha-Roy",
  "skills": ["Nextjs", "ReactJS", "TailwindCSS", "NodeJS", "HTML", "CSS", "TypeScript", "PostgreSQL"],
  "social": {
    "GitHub": "https://github.com/Monalisha-Roy",
    "Twitter": "https://twitter.com/RoyMonalis14310?t=gGFQSdjUq3E3AG_4SK4rZg&s=09",
    "LinkedIn": "www.linkedin.com/in/monalisha-roy-995978252"
  }
}
