{
  "name": "Sudarshan Rai",
  "location": "Kathmandu, Nepal",
  "bio": "Hey it's me Sudarshan Rai with 5+ years of web/mobile application development experience. Javascript being my core technical skill, I don't limit within it. I do more study and research to keep updated with the latest technologies",
  "avatar": "https://github.com/mrsudarshanrai.png",
  "portfolio": "https://sudarshanrai.com.np/",
  "skills": ["Typescript", "Rust", "React/Next", "Html/css", "Node.js"],
  "social": {
    "GitHub": "https://github.com/mrsudarshanrai",
    "Twitter": "https://twitter.com/rai_F0x",
    "LinkedIn": "https://www.linkedin.com/in/mr-sudarshan-rai/"
  }
}
