{
  "name": "Namesh Prajapat",
  "location": "Jaipur, Rajasthan , INDIA",
  "bio": "I am a passionate developer who loves to learn the technology and have a keen interest to implement the technology",
  "avatar": "https://github.com/Sahil-K123.png",
  "portfolio": "https://github.com/Sahil-K123",
  "skills": ["HTML", "CSS", "Javascript", "React JS"],
  "social": {
    "GitHub": "https://github.com/Namesh2710",
    "Twitter": "https://twitter.com/NameshPrakash",
    "LinkedIn": "https://www.linkedin.com/in/namesh-prajapat-0a005a250/"
  }
}
