{
  "name": "Nandhakumar Subramanian",
  "location": "Chennai, TamilNadu, India",
  "bio": "Full stack web developer with 6+ years of experience in building scalable web applications in Node.js, Laravel and PHP",
  "avatar": "https://avatars.githubusercontent.com/u/48977375",
  "portfolio": "https://github.com/nandha46",
  "skills": [
    "Node.js",
    "MongoDB",
    "MySQL",
    "Laravel",
    "PHP",
    "Java",
    "Spring boot",
    "HTML5",
    "CSS3",
    "Javascript",
    "JQuery",
    "RegEx"
  ],
  "social": {
    "GitHub": "https://github.com/nandha46",
    "Twitter": "https://twitter.com/Nandhakumar790",
    "LinkedIn": "https://www.linkedin.com/in/nandhakumar46"
  }
}
