{
  "name": "Navneet Kumar Singh",
  "location": "Hyderabad, India",
  "bio": "SDE At BeingZero | Problem Solving enthusiast",
  "avatar": "https://github.com/navneet7716.png",
  "portfolio": "https://github.com/navneet7716",
  "skills": [
    "React/Next",
    "JavaScript/TypeScript",
    "C++",
    "AWS",
    "TailwindCSS",
    "HTML",
    "SQL",
    "MongoDB",
    "MySQL",
    "Express.js",
    "NodeJS"
  ],
  "social": {
    "GitHub": "https://github.com/navneet7716",
    "Twitter": "https://twitter.com/RishiNavneet",
    "LinkedIn": "https://www.linkedin.com/in/navneet7716"
  }
}
