{
  "name": "Nischal Olety Nagesh",
  "location": "Tampa,FL",
  "bio": "I am a Junior at the University of South Florida. I am interested in programming and I am learning to contribute to open source!",
  "avatar": "https://github.com/nischalon10.png",
  "portfolio": "https://github.com/nischalon10",
  "skills": ["UI/UX Design", "Python", "HTML", "CSS", "JavaScript", "C++"],
  "social": {
    "GitHub": "https://github.com/nischalon10",
    "Twitter": "#",
    "LinkedIn": "https://www.linkedin.com/in/nischaloletynagesh/"
  }
}
