{
  "name": "Om pawar",
  "location": "Maharashtra",
  "bio": "A Web Developer specializing in HTML5,css, JavaScript,  and front-end frameworks",
  "avatar": "https://avatars.githubusercontent.com/u/124502159?s=400&u=3691e22cc07794bb421cee5c655dca4d8da244c9&v=4",
  "portfolio": "",
  "skills": ["Front end frameworks expertise", "AWS associate level certified", "..."],
  "social": {
    "GitHub": "https://github.com/Om-pawarr",
    "Twitter": "https://twitter.com/@_Parth_Dwivedi_",
    "LinkedIn": ""
  }
}
