{
  "name": "PrasannaKumar Bhursu",
  "location": "AndraPradesh, India",
  "bio": "Iam a web2 developer , currently on the move to web3 Blockchian Full stack developer",
  "avatar": "https://github.com/PrasannaKumarBhursu.png",
  "portfolio": "https://github.com/PrasannaKumarBhursu",
  "skills": ["HTML", "CSS/SCSS", "JavaScript", "Python", "MERN Stack", "Solidity", "SQL"],
  "social": {
    "GitHub": "https://github.com/PrasannaKumarBhursu",
    "Twitter": "https://twitter.com/Prasannabhursu",
    "LinkedIn": "https://www.linkedin.com/in/prasannakumarbhursu"
  }
}
