{
  "name": "Pritam Roy",
  "location": "Jharkhand, India",
  "bio": "A MERN stack developer and an open source enthusiast",
  "avatar": "https://github.com/Pritam1136.png",
  "portfolio": "https://pritam1136.github.io/LandingPage/",
  "skills": ["ReactJS", "TailwindCSS", "ExpressJS", "NodeJS", "git & github", "MongoDB"],
  "social": {
    "GitHub": "https://github.com/Pritam1136",
    "Twitter": "https://twitter.com/Pritam_1296",
    "LinkedIn": "https://www.linkedin.com/in/pritam-roy-9b28a8250"
  }
}
