{
  "name": "Raghuveer Khim Singh Bora",
  "location": "Madhya Pradesh, India 🇮🇳",
  "bio": "I am always ready to have new experiences and learn new skills.",
  "avatar": "https://avatars.githubusercontent.com/u/101916585?v=4",
  "portfolio": "portfolio-r4ghuveer.vercel.app",
  "skills": ["C++", "Python", "Javascript", "React", "Electron.js", "Node.Js", "MySQL", "MongoDB", "Git"],
  "social": {
    "GitHub": "https://github.com/r4ghuveer",
    "Twitter": "https://twitter.com/bora_raghuveer",
    "LinkedIn": "https://www.linkedin.com/in/r4ghuveer/"
  }
}
