{
  "name": "Sanket Rinayat",
  "location": "Gondia (MH), India",
  "bio": "System Engineer @Infosys with 2 years of experience in web app development with industry standard. Interested in learning new technologies in new various environments with problem-solving attitude.",
  "avatar": "https://github.com/Sanket176.png",
  "portfolio": "https://github.com/Sanket176",
  "skills": ["HTML", "CSS", "Javascript", "React", "NodeJS", "MongoDB", "Networking", "Problem Solving"],
  "social": {
    "GitHub": "https://github.com/Sanket176",
    "My Portfolio": "https://66a7ce14a7aa1539cc2ec257--earnest-platypus-025bbc.netlify.app/",
    "LinkedIn": "https://www.linkedin.com/in/sanket-rinayat-b253bb211"
  }
}
