{
  "name": "Shivanshu Pathak",
  "location": "Noida, India",
  "bio": "Experienced Full Stack Developer with strong problem-solving skills. Proficient in C++, Python, JavaScript, TypeScript, Flutter. Passionate about learning and collaborating on diverse projects.",
  "avatar": "https://github.com/shivanshu814.png",
  "portfolio": "https://shivanshupathak.pages.dev",
  "skills": [
    "Problem Solving Skills",
    "Software Developer",
    "Network Defender",
    "FullStack Developer",
    "Android Developer"
  ],
  "social": {
    "GitHub": "https://github.com/shivanshu814",
    "Twitter": "https://twitter.com/Shivanshu814",
    "LinkedIn": "https://www.linkedin.com/in/shivanshu-pathak-6611b5228"
  }
}
