{
  "name": "Adedoyinsola Ogungbesan",
  "location": "Lagos, Nigeria",
  "bio": "I am a highly motivated full stack developer",
  "avatar": "https://avatars.githubusercontent.com/u/102007621?v=4",
  "portfolio": "https://github.com/surfiniaburger/portfolio",
  "skills": ["Kotlin", "Python", "React", "JavaScript", "Django", "HTML", "JavaScript", "CSS", "Android Studio"],
  "social": {
    "GitHub": "https://github.com/surfiniaburger",
    "Twitter": "https://twitter.com/masciano57",
    "LinkedIn": "https://www.linkedin.com/in/adedoyinsola-ogungbesan-bb49aa153/"
  }
}
