{
  "name": "Trae Zeeofor",
  "location": "Nigeria",
  "bio": "Front-End Developer | TypeScript | Next.js | Technical Writing | Open Source. That Igbotic Fellow Nigerian. Pro: Technology, Writing, Public Speaking, Football, Music, Chess, Fitness, Liberalism and Afrocentrism.",
  "avatar": "https://github.com/traez.png",
  "portfolio": "https://github.com/stars/traez/lists/portfolio",
  "skills": ["Front-End Developer", "TypeScript", "Next.js", "Technical Writing", "Open Source"],
  "social": {
    "GitHub": "https://github.com/traez",
    "Twitter": "https://twitter.com/trae_z",
    "LinkedIn": "https://www.linkedin.com/in/traez"
  }
}
