{
  "name": "Vamsi Madugula",
  "location": "Visakhapatnam, Andhra Pradesh, India",
  "bio": "Mobile and Web App Developer",
  "avatar": "https://avatars.githubusercontent.com/u/97898611?v=4",
  "portfolio": "https://github.com/vamsi-spoidey7",
  "skills": [
    "C",
    "C++",
    "Java",
    "Python",
    "HTML",
    "CSS",
    "Javascript",
    "React",
    "jQuery",
    "BootStrap",
    "PHP",
    "NodeJS",
    "ExpressJS",
    "Django",
    "Flask",
    "Android Studio",
    "Java App Developer",
    "Flutter",
    "REST APIs",
    "MongoDB",
    "MySQL",
    "Git and Github"
  ],
  "social": {
    "GitHub": "https://github.com/vamsi-spoidey7",
    "Twitter": "https://twitter.com/VamsiMadugula7",
    "LinkedIn": "https://www.linkedin.com/in/vamsi-madugula-ba9376224"
  }
}
