{
  "name": "Walter J. Silva",
  "location": "Santarém - PA, Brasil",
  "bio": "I develop WordPress pages. I'm currently studying AWS Cloud and Front-End development. I like football, cycling and playing with my kittens.",
  "avatar": "https://github.com/walterowisk.png",
  "portfolio": "https://github.com/walterowisk",
  "skills": ["WordPress", "AWS", "HTML", "CSS", "JavaScript", "Git"],
  "social": {
    "GitHub": "https://github.com/walterowisk",
    "Twitter": "https://twitter.com/seuwalter",
    "LinkedIn": "https://www.linkedin.com/in/walter-silva"
  }
}
