{
  "name": "Yash Sehgal",
  "location": "Indore, India",
  "bio": "Software Engineer. Design with code",
  "avatar": "https://github.com/yashsehgal.png",
  "portfolio": "https://yashsehgal.com",
  "skills": [
    "Javascript",
    "Typescript",
    "React",
    "NextJS",
    "Astro",
    "Git/GitHub",
    "Linux",
    "APIs",
    "UIDesign",
    "Figma",
    "CSS/SCSS",
    "TailwindCSS",
    "AntDesign",
    "ChakraUI",
    "RadixUI"
  ],
  "social": {
    "GitHub": "https://github.com/yashsehgal",
    "Twitter": "https://twitter.com/yashsehgaldev",
    "LinkedIn": "https://linkedin.com/in/sehgalyash"
  }
}
